{"error": 66.4224, "anomaly": true, "sensor_data": [[0.123456, 36.9877, 27.7, 65.0], [0.123456, 36.9877, 27.7, 65.0], [0.123456, 36.9877, 27.7, 65.0], [0.123456, 36.9877, 27.7, 65.0], [0.123456, 36.9877, 27.7, 65.0], [0.123456, 36.9877, 27.7, 65.0], [0.123456, 36.9877, 27.7, 65.0], [0.123456, 36.9877, 27.7, 65.0], [0.123456, 36.9877, 27.7, 65.0], [0.123456, 36.9877, 27.7, 65.0]]}